﻿<?xml version="1.0" encoding="UTF-8"?>
    <ExtensionManifest Version="5.0" ExtensionBundleId="fx_box.extension" ExtensionBundleVersion="1.1" ExtensionBundleName="fx_box" xmlns:xsi="http://www.w3.org/2001/XMLSchema-instance">
    <ExtensionList>
        <Extension Id="fx_box.extension" Version="1.1" />
    </ExtensionList>
    <ExecutionEnvironment>
        <HostList>
          <Host Name="PHXS" Version="14.0" />´
		<Host Name="PHSP" Version="14.0" />
        </HostList>
        <LocaleList>
            <Locale Code="All" />
        </LocaleList>
        <RequiredRuntimeList>
            <RequiredRuntime Name="CSXS" Version="5.0" />
        </RequiredRuntimeList>
    </ExecutionEnvironment>
    <DispatchInfoList>
        <Extension Id="fx_box.extension">          
             <DispatchInfo>
                <Resources>
                    <MainPath>./index.html</MainPath>
                    <ScriptPath>./host/ps.jsx</ScriptPath>
                </Resources>
                	<Lifecycle>
					<AutoVisible>true</AutoVisible>
				</Lifecycle>
                <UI>
                    <Type>Panel</Type>
                    <Menu>FX Box</Menu>
                    <Geometry>
                        <Size>
                            <Height>480</Height>
                            <Width>310</Width>
                        </Size>
                        <MaxSize>
							<Height>600</Height>
							<Width>360</Width>
						</MaxSize>
						<MinSize>
							<Height>480</Height>
							<Width>310</Width>
						</MinSize>
                    </Geometry>
                    <Icons>
						<Icon Type="Normal">./thumb_1</Icon>
						<Icon Type="RollOver">./thumb_1.png</Icon>
						<Icon Type="Disabled">./thumb_1.png</Icon>
						<Icon Type="DarkNormal">./thumb_1.png</Icon>
						<Icon Type="DarkRollOver">./thumb_1.png</Icon>
					</Icons>
                </UI>
            </DispatchInfo>
        </Extension>
    </DispatchInfoList>
</ExtensionManifest>